"kol","lnk","gosp","gosc","frek","nFrek"
1,"https://www.laczynaspilka.pl/rozgrywki/mecz/wisla-plock-s-a,lechia-gdansk,1650175.html","WIS£A P£OCK S.A.","LECHIA GDAÑSK","Brak danych na temat widowni",NA
1,"https://www.laczynaspilka.pl/rozgrywki/mecz/pogon-szczecin,wisla-krakow-sa,1650176.html","POGOÑ SZCZECIN","WIS£A KRAKÓW SA","Brak danych na temat widowni",NA
1,"https://www.laczynaspilka.pl/rozgrywki/mecz/cracovia-ssa-krakow,gks-piast-gliwice-s-a,1650177.html","CRACOVIA SSA KRAKÓW","GKS PIAST GLIWICE S.A.","Brak danych na temat widowni",NA
1,"https://www.laczynaspilka.pl/rozgrywki/mecz/gornik-zabrze-ssa,legia-warszawa-s-a,1650178.html","GÓRNIK ZABRZE SSA","LEGIA WARSZAWA S.A.","Brak danych na temat widowni",NA
1,"https://www.laczynaspilka.pl/rozgrywki/mecz/arka-gdynia-ssa,slask-wroclaw,1650179.html","ARKA GDYNIA SSA","ŒL¥SK WROC£AW","Brak danych na temat widowni",NA
1,"https://www.laczynaspilka.pl/rozgrywki/mecz/bruk-bet-termalica-nieciecza,jagiellonia-bialystok-ssa,1650180.html","BRUK-BET TERMALICA NIECIECZA","JAGIELLONIA BIA£YSTOK SSA","Brak danych na temat widowni",NA
1,"https://www.laczynaspilka.pl/rozgrywki/mecz/kks-lech-poznan,sandecja-nowy-sacz,1650181.html","KKS LECH POZNAÑ","SANDECJA NOWY S¥CZ","Brak danych na temat widowni",NA
1,"https://www.laczynaspilka.pl/rozgrywki/mecz/korona-sa-kielce,zaglebie-lubin,1650182.html","KORONA SA KIELCE","ZAG£ÊBIE LUBIN","Brak danych na temat widowni",NA
2,"https://www.laczynaspilka.pl/rozgrywki/mecz/sandecja-nowy-sacz,arka-gdynia-ssa,1650183.html","SANDECJA NOWY S¥CZ","ARKA GDYNIA SSA","Mecz ogl¹da³o 2646 osób","2646"
2,"https://www.laczynaspilka.pl/rozgrywki/mecz/wisla-krakow-sa,bruk-bet-termalica-nieciecza,1650184.html","WIS£A KRAKÓW SA","BRUK-BET TERMALICA NIECIECZA","Mecz ogl¹da³o 11811 osób","11811"
2,"https://www.laczynaspilka.pl/rozgrywki/mecz/gks-piast-gliwice-s-a,pogon-szczecin,1650185.html","GKS PIAST GLIWICE S.A.","POGOÑ SZCZECIN","Mecz ogl¹da³o 4555 osób","4555"
2,"https://www.laczynaspilka.pl/rozgrywki/mecz/lechia-gdansk,cracovia-ssa-krakow,1650186.html","LECHIA GDAÑSK","CRACOVIA SSA KRAKÓW","Mecz ogl¹da³o 15624 osób","15624"
2,"https://www.laczynaspilka.pl/rozgrywki/mecz/legia-warszawa-s-a,korona-sa-kielce,1650187.html","LEGIA WARSZAWA S.A.","KORONA SA KIELCE","Mecz ogl¹da³o 15011 osób","15011"
2,"https://www.laczynaspilka.pl/rozgrywki/mecz/wisla-plock-s-a,kks-lech-poznan,1650188.html","WIS£A P£OCK S.A.","KKS LECH POZNAÑ","Mecz ogl¹da³o 6511 osób","6511"
2,"https://www.laczynaspilka.pl/rozgrywki/mecz/jagiellonia-bialystok-ssa,gornik-zabrze-ssa,1650189.html","JAGIELLONIA BIA£YSTOK SSA","GÓRNIK ZABRZE SSA","Mecz ogl¹da³o 11326 osób","11326"
2,"https://www.laczynaspilka.pl/rozgrywki/mecz/zaglebie-lubin,slask-wroclaw,1650190.html","ZAG£ÊBIE LUBIN","ŒL¥SK WROC£AW","Mecz ogl¹da³o 8251 osób","8251"
3,"https://www.laczynaspilka.pl/rozgrywki/mecz/bruk-bet-termalica-nieciecza,zaglebie-lubin,1650191.html","BRUK-BET TERMALICA NIECIECZA","ZAG£ÊBIE LUBIN","Mecz ogl¹da³o 3113 osób","3113"
3,"https://www.laczynaspilka.pl/rozgrywki/mecz/slask-wroclaw,lechia-gdansk,1650192.html","ŒL¥SK WROC£AW","LECHIA GDAÑSK","Mecz ogl¹da³o 13495 osób","13495"
3,"https://www.laczynaspilka.pl/rozgrywki/mecz/legia-warszawa-s-a,sandecja-nowy-sacz,1650194.html","LEGIA WARSZAWA S.A.","SANDECJA NOWY S¥CZ","Mecz ogl¹da³o 14397 osób","14397"
3,"https://www.laczynaspilka.pl/rozgrywki/mecz/gornik-zabrze-ssa,wisla-krakow-sa,1650193.html","GÓRNIK ZABRZE SSA","WIS£A KRAKÓW SA","Mecz ogl¹da³o 22708 osób","22708"
3,"https://www.laczynaspilka.pl/rozgrywki/mecz/arka-gdynia-ssa,wisla-plock-s-a,1650195.html","ARKA GDYNIA SSA","WIS£A P£OCK S.A.","Mecz ogl¹da³o 8142 osób","8142"
3,"https://www.laczynaspilka.pl/rozgrywki/mecz/pogon-szczecin,jagiellonia-bialystok-ssa,1650196.html","POGOÑ SZCZECIN","JAGIELLONIA BIA£YSTOK SSA","Mecz ogl¹da³o 8356 osób","8356"
3,"https://www.laczynaspilka.pl/rozgrywki/mecz/kks-lech-poznan,gks-piast-gliwice-s-a,1650197.html","KKS LECH POZNAÑ","GKS PIAST GLIWICE S.A.","Mecz ogl¹da³o 13783 osób","13783"
3,"https://www.laczynaspilka.pl/rozgrywki/mecz/korona-sa-kielce,cracovia-ssa-krakow,1650198.html","KORONA SA KIELCE","CRACOVIA SSA KRAKÓW","Mecz ogl¹da³o 7270 osób","7270"
4,"https://www.laczynaspilka.pl/rozgrywki/mecz/gks-piast-gliwice-s-a,slask-wroclaw,1650205.html","GKS PIAST GLIWICE S.A.","ŒL¥SK WROC£AW","Mecz ogl¹da³o 4274 osób","4274"
4,"https://www.laczynaspilka.pl/rozgrywki/mecz/wisla-plock-s-a,wisla-krakow-sa,1650206.html","WIS£A P£OCK S.A.","WIS£A KRAKÓW SA","Mecz ogl¹da³o 5001 osób","5001"
4,"https://www.laczynaspilka.pl/rozgrywki/mecz/lechia-gdansk,gornik-zabrze-ssa,1650204.html","LECHIA GDAÑSK","GÓRNIK ZABRZE SSA","Mecz ogl¹da³o 14567 osób","14567"
4,"https://www.laczynaspilka.pl/rozgrywki/mecz/zaglebie-lubin,pogon-szczecin,1650203.html","ZAG£ÊBIE LUBIN","POGOÑ SZCZECIN","Mecz ogl¹da³o 6086 osób","6086"
4,"https://www.laczynaspilka.pl/rozgrywki/mecz/bruk-bet-termalica-nieciecza,legia-warszawa-s-a,1650200.html","BRUK-BET TERMALICA NIECIECZA","LEGIA WARSZAWA S.A.","Mecz ogl¹da³o 4561 osób","4561"
4,"https://www.laczynaspilka.pl/rozgrywki/mecz/jagiellonia-bialystok-ssa,sandecja-nowy-sacz,1650202.html","JAGIELLONIA BIA£YSTOK SSA","SANDECJA NOWY S¥CZ","Mecz ogl¹da³o 11399 osób","11399"
4,"https://www.laczynaspilka.pl/rozgrywki/mecz/cracovia-ssa-krakow,kks-lech-poznan,1650201.html","CRACOVIA SSA KRAKÓW","KKS LECH POZNAÑ","Mecz ogl¹da³o 9114 osób","9114"
4,"https://www.laczynaspilka.pl/rozgrywki/mecz/arka-gdynia-ssa,korona-sa-kielce,1650199.html","ARKA GDYNIA SSA","KORONA SA KIELCE","Brak danych na temat widowni",NA
5,"https://www.laczynaspilka.pl/rozgrywki/mecz/legia-warszawa-s-a,gks-piast-gliwice-s-a,1650210.html","LEGIA WARSZAWA S.A.","GKS PIAST GLIWICE S.A.","Mecz ogl¹da³o 13768 osób","13768"
5,"https://www.laczynaspilka.pl/rozgrywki/mecz/sandecja-nowy-sacz,wisla-plock-s-a,1650212.html","SANDECJA NOWY S¥CZ","WIS£A P£OCK S.A.","Mecz ogl¹da³o 2070 osób","2070"
5,"https://www.laczynaspilka.pl/rozgrywki/mecz/kks-lech-poznan,zaglebie-lubin,1650209.html","KKS LECH POZNAÑ","ZAG£ÊBIE LUBIN","Brak danych na temat widowni",NA
5,"https://www.laczynaspilka.pl/rozgrywki/mecz/wisla-krakow-sa,cracovia-ssa-krakow,1650213.html","WIS£A KRAKÓW SA","CRACOVIA SSA KRAKÓW","Mecz ogl¹da³o 25523 osób","25523"
5,"https://www.laczynaspilka.pl/rozgrywki/mecz/gornik-zabrze-ssa,arka-gdynia-ssa,1650207.html","GÓRNIK ZABRZE SSA","ARKA GDYNIA SSA","Brak danych na temat widowni",NA
5,"https://www.laczynaspilka.pl/rozgrywki/mecz/korona-sa-kielce,jagiellonia-bialystok-ssa,1650208.html","KORONA SA KIELCE","JAGIELLONIA BIA£YSTOK SSA","Mecz ogl¹da³o 9460 osób","9460"
5,"https://www.laczynaspilka.pl/rozgrywki/mecz/pogon-szczecin,lechia-gdansk,1650211.html","POGOÑ SZCZECIN","LECHIA GDAÑSK","Mecz ogl¹da³o 8320 osób","8320"
5,"https://www.laczynaspilka.pl/rozgrywki/mecz/slask-wroclaw,bruk-bet-termalica-nieciecza,1650214.html","ŒL¥SK WROC£AW","BRUK-BET TERMALICA NIECIECZA","Brak danych na temat widowni",NA
6,"https://www.laczynaspilka.pl/rozgrywki/mecz/lechia-gdansk,sandecja-nowy-sacz,1650220.html","LECHIA GDAÑSK","SANDECJA NOWY S¥CZ","Mecz ogl¹da³o 11019 osób","11019"
6,"https://www.laczynaspilka.pl/rozgrywki/mecz/cracovia-ssa-krakow,gornik-zabrze-ssa,1650217.html","CRACOVIA SSA KRAKÓW","GÓRNIK ZABRZE SSA","Mecz ogl¹da³o 8346 osób","8346"
6,"https://www.laczynaspilka.pl/rozgrywki/mecz/arka-gdynia-ssa,pogon-szczecin,1650215.html","ARKA GDYNIA SSA","POGOÑ SZCZECIN","Mecz ogl¹da³o 9074 osób","9074"
6,"https://www.laczynaspilka.pl/rozgrywki/mecz/gks-piast-gliwice-s-a,korona-sa-kielce,1650221.html","GKS PIAST GLIWICE S.A.","KORONA SA KIELCE","Mecz ogl¹da³o 4879 osób","4879"
6,"https://www.laczynaspilka.pl/rozgrywki/mecz/jagiellonia-bialystok-ssa,slask-wroclaw,1650218.html","JAGIELLONIA BIA£YSTOK SSA","ŒL¥SK WROC£AW","Mecz ogl¹da³o 10437 osób","10437"
6,"https://www.laczynaspilka.pl/rozgrywki/mecz/wisla-plock-s-a,legia-warszawa-s-a,1650222.html","WIS£A P£OCK S.A.","LEGIA WARSZAWA S.A.","Mecz ogl¹da³o 9718 osób","9718"
6,"https://www.laczynaspilka.pl/rozgrywki/mecz/bruk-bet-termalica-nieciecza,kks-lech-poznan,1650216.html","BRUK-BET TERMALICA NIECIECZA","KKS LECH POZNAÑ","Mecz ogl¹da³o 4381 osób","4381"
6,"https://www.laczynaspilka.pl/rozgrywki/mecz/zaglebie-lubin,wisla-krakow-sa,1650219.html","ZAG£ÊBIE LUBIN","WIS£A KRAKÓW SA","Mecz ogl¹da³o 8191 osób","8191"
7,"https://www.laczynaspilka.pl/rozgrywki/mecz/gornik-zabrze-ssa,wisla-plock-s-a,1650223.html","GÓRNIK ZABRZE SSA","WIS£A P£OCK S.A.","Mecz ogl¹da³o 20054 osób","20054"
7,"https://www.laczynaspilka.pl/rozgrywki/mecz/slask-wroclaw,cracovia-ssa-krakow,1650230.html","ŒL¥SK WROC£AW","CRACOVIA SSA KRAKÓW","Mecz ogl¹da³o 8967 osób","8967"
7,"https://www.laczynaspilka.pl/rozgrywki/mecz/korona-sa-kielce,bruk-bet-termalica-nieciecza,1650225.html","KORONA SA KIELCE","BRUK-BET TERMALICA NIECIECZA","Mecz ogl¹da³o 6475 osób","6475"
7,"https://www.laczynaspilka.pl/rozgrywki/mecz/jagiellonia-bialystok-ssa,gks-piast-gliwice-s-a,1650224.html","JAGIELLONIA BIA£YSTOK SSA","GKS PIAST GLIWICE S.A.","Brak danych na temat widowni",NA
7,"https://www.laczynaspilka.pl/rozgrywki/mecz/wisla-krakow-sa,lechia-gdansk,1650229.html","WIS£A KRAKÓW SA","LECHIA GDAÑSK","Brak danych na temat widowni",NA
7,"https://www.laczynaspilka.pl/rozgrywki/mecz/sandecja-nowy-sacz,pogon-szczecin,1650228.html","SANDECJA NOWY S¥CZ","POGOÑ SZCZECIN","Mecz ogl¹da³o 2240 osób","2240"
7,"https://www.laczynaspilka.pl/rozgrywki/mecz/kks-lech-poznan,arka-gdynia-ssa,1650226.html","KKS LECH POZNAÑ","ARKA GDYNIA SSA","Brak danych na temat widowni",NA
7,"https://www.laczynaspilka.pl/rozgrywki/mecz/legia-warszawa-s-a,zaglebie-lubin,1650227.html","LEGIA WARSZAWA S.A.","ZAG£ÊBIE LUBIN","Mecz ogl¹da³o 14941 osób","14941"
8,"https://www.laczynaspilka.pl/rozgrywki/mecz/zaglebie-lubin,wisla-plock-s-a,1650234.html","ZAG£ÊBIE LUBIN","WIS£A P£OCK S.A.","Mecz ogl¹da³o 5178 osób","5178"
8,"https://www.laczynaspilka.pl/rozgrywki/mecz/arka-gdynia-ssa,wisla-krakow-sa,1650231.html","ARKA GDYNIA SSA","WIS£A KRAKÓW SA","Mecz ogl¹da³o 7718 osób","7718"
8,"https://www.laczynaspilka.pl/rozgrywki/mecz/korona-sa-kielce,sandecja-nowy-sacz,1650235.html","KORONA SA KIELCE","SANDECJA NOWY S¥CZ","Mecz ogl¹da³o 7750 osób","7750"
8,"https://www.laczynaspilka.pl/rozgrywki/mecz/slask-wroclaw,legia-warszawa-s-a,1650238.html","ŒL¥SK WROC£AW","LEGIA WARSZAWA S.A.","Mecz ogl¹da³o 24086 osób","24086"
8,"https://www.laczynaspilka.pl/rozgrywki/mecz/cracovia-ssa-krakow,jagiellonia-bialystok-ssa,1650233.html","CRACOVIA SSA KRAKÓW","JAGIELLONIA BIA£YSTOK SSA","Mecz ogl¹da³o 7262 osób","7262"
8,"https://www.laczynaspilka.pl/rozgrywki/mecz/bruk-bet-termalica-nieciecza,gornik-zabrze-ssa,1650232.html","BRUK-BET TERMALICA NIECIECZA","GÓRNIK ZABRZE SSA","Mecz ogl¹da³o 3519 osób","3519"
8,"https://www.laczynaspilka.pl/rozgrywki/mecz/pogon-szczecin,kks-lech-poznan,1650237.html","POGOÑ SZCZECIN","KKS LECH POZNAÑ","Mecz ogl¹da³o 10695 osób","10695"
8,"https://www.laczynaspilka.pl/rozgrywki/mecz/gks-piast-gliwice-s-a,lechia-gdansk,1650236.html","GKS PIAST GLIWICE S.A.","LECHIA GDAÑSK","Mecz ogl¹da³o 5140 osób","5140"
9,"https://www.laczynaspilka.pl/rozgrywki/mecz/arka-gdynia-ssa,zaglebie-lubin,1650239.html","ARKA GDYNIA SSA","ZAG£ÊBIE LUBIN","Mecz ogl¹da³o 7357 osób","7357"
9,"https://www.laczynaspilka.pl/rozgrywki/mecz/kks-lech-poznan,korona-sa-kielce,1650241.html","KKS LECH POZNAÑ","KORONA SA KIELCE","Mecz ogl¹da³o 20581 osób","20581"
9,"https://www.laczynaspilka.pl/rozgrywki/mecz/wisla-plock-s-a,pogon-szczecin,1650246.html","WIS£A P£OCK S.A.","POGOÑ SZCZECIN","Mecz ogl¹da³o 3111 osób","3111"
9,"https://www.laczynaspilka.pl/rozgrywki/mecz/gornik-zabrze-ssa,slask-wroclaw,1650240.html","GÓRNIK ZABRZE SSA","ŒL¥SK WROC£AW","Mecz ogl¹da³o 22708 osób","22708"
9,"https://www.laczynaspilka.pl/rozgrywki/mecz/wisla-krakow-sa,gks-piast-gliwice-s-a,1650245.html","WIS£A KRAKÓW SA","GKS PIAST GLIWICE S.A.","Mecz ogl¹da³o 10822 osób","10822"
9,"https://www.laczynaspilka.pl/rozgrywki/mecz/sandecja-nowy-sacz,bruk-bet-termalica-nieciecza,1650244.html","SANDECJA NOWY S¥CZ","BRUK-BET TERMALICA NIECIECZA","Mecz ogl¹da³o 2644 osób","2644"
9,"https://www.laczynaspilka.pl/rozgrywki/mecz/legia-warszawa-s-a,cracovia-ssa-krakow,1650243.html","LEGIA WARSZAWA S.A.","CRACOVIA SSA KRAKÓW","Mecz ogl¹da³o 16650 osób","16650"
9,"https://www.laczynaspilka.pl/rozgrywki/mecz/lechia-gdansk,jagiellonia-bialystok-ssa,1650242.html","LECHIA GDAÑSK","JAGIELLONIA BIA£YSTOK SSA","Mecz ogl¹da³o 15135 osób","15135"
10,"https://www.laczynaspilka.pl/rozgrywki/mecz/gks-piast-gliwice-s-a,arka-gdynia-ssa,1650252.html","GKS PIAST GLIWICE S.A.","ARKA GDYNIA SSA","Mecz ogl¹da³o 3850 osób","3850"
10,"https://www.laczynaspilka.pl/rozgrywki/mecz/slask-wroclaw,kks-lech-poznan,1650254.html","ŒL¥SK WROC£AW","KKS LECH POZNAÑ","Mecz ogl¹da³o 22075 osób","22075"
10,"https://www.laczynaspilka.pl/rozgrywki/mecz/bruk-bet-termalica-nieciecza,lechia-gdansk,1650247.html","BRUK-BET TERMALICA NIECIECZA","LECHIA GDAÑSK","Mecz ogl¹da³o 2148 osób","2148"
10,"https://www.laczynaspilka.pl/rozgrywki/mecz/pogon-szczecin,gornik-zabrze-ssa,1650253.html","POGOÑ SZCZECIN","GÓRNIK ZABRZE SSA","Mecz ogl¹da³o 4548 osób","4548"
10,"https://www.laczynaspilka.pl/rozgrywki/mecz/korona-sa-kielce,wisla-krakow-sa,1650251.html","KORONA SA KIELCE","WIS£A KRAKÓW SA","Mecz ogl¹da³o 7651 osób","7651"
10,"https://www.laczynaspilka.pl/rozgrywki/mecz/zaglebie-lubin,sandecja-nowy-sacz,1650250.html","ZAG£ÊBIE LUBIN","SANDECJA NOWY S¥CZ","Mecz ogl¹da³o 5473 osób","5473"
10,"https://www.laczynaspilka.pl/rozgrywki/mecz/jagiellonia-bialystok-ssa,legia-warszawa-s-a,1650249.html","JAGIELLONIA BIA£YSTOK SSA","LEGIA WARSZAWA S.A.","Mecz ogl¹da³o 17894 osób","17894"
10,"https://www.laczynaspilka.pl/rozgrywki/mecz/cracovia-ssa-krakow,wisla-plock-s-a,1650248.html","CRACOVIA SSA KRAKÓW","WIS£A P£OCK S.A.","Mecz ogl¹da³o 4803 osób","4803"
11,"https://www.laczynaspilka.pl/rozgrywki/mecz/sandecja-nowy-sacz,slask-wroclaw,1650260.html","SANDECJA NOWY S¥CZ","ŒL¥SK WROC£AW","Mecz ogl¹da³o 1341 osób","1341"
11,"https://www.laczynaspilka.pl/rozgrywki/mecz/arka-gdynia-ssa,cracovia-ssa-krakow,1650255.html","ARKA GDYNIA SSA","CRACOVIA SSA KRAKÓW","Mecz ogl¹da³o 8541 osób","8541"
11,"https://www.laczynaspilka.pl/rozgrywki/mecz/lechia-gdansk,zaglebie-lubin,1650258.html","LECHIA GDAÑSK","ZAG£ÊBIE LUBIN","Mecz ogl¹da³o 9399 osób","9399"
11,"https://www.laczynaspilka.pl/rozgrywki/mecz/pogon-szczecin,korona-sa-kielce,1650259.html","POGOÑ SZCZECIN","KORONA SA KIELCE","Mecz ogl¹da³o 5595 osób","5595"
11,"https://www.laczynaspilka.pl/rozgrywki/mecz/wisla-krakow-sa,jagiellonia-bialystok-ssa,1650261.html","WIS£A KRAKÓW SA","JAGIELLONIA BIA£YSTOK SSA","Mecz ogl¹da³o 11056 osób","11056"
11,"https://www.laczynaspilka.pl/rozgrywki/mecz/wisla-plock-s-a,bruk-bet-termalica-nieciecza,1650262.html","WIS£A P£OCK S.A.","BRUK-BET TERMALICA NIECIECZA","Mecz ogl¹da³o 4898 osób","4898"
11,"https://www.laczynaspilka.pl/rozgrywki/mecz/gornik-zabrze-ssa,gks-piast-gliwice-s-a,1650256.html","GÓRNIK ZABRZE SSA","GKS PIAST GLIWICE S.A.","Mecz ogl¹da³o 22708 osób","22708"
11,"https://www.laczynaspilka.pl/rozgrywki/mecz/kks-lech-poznan,legia-warszawa-s-a,1650257.html","KKS LECH POZNAÑ","LEGIA WARSZAWA S.A.","Mecz ogl¹da³o 36829 osób","36829"
12,"https://www.laczynaspilka.pl/rozgrywki/mecz/korona-sa-kielce,wisla-plock-s-a,1650267.html","KORONA SA KIELCE","WIS£A P£OCK S.A.","Mecz ogl¹da³o 6069 osób","6069"
12,"https://www.laczynaspilka.pl/rozgrywki/mecz/jagiellonia-bialystok-ssa,kks-lech-poznan,1650265.html","JAGIELLONIA BIA£YSTOK SSA","KKS LECH POZNAÑ","Mecz ogl¹da³o 12156 osób","12156"
12,"https://www.laczynaspilka.pl/rozgrywki/mecz/gks-piast-gliwice-s-a,sandecja-nowy-sacz,1650269.html","GKS PIAST GLIWICE S.A.","SANDECJA NOWY S¥CZ","Mecz ogl¹da³o 4248 osób","4248"
12,"https://www.laczynaspilka.pl/rozgrywki/mecz/bruk-bet-termalica-nieciecza,arka-gdynia-ssa,1650263.html","BRUK-BET TERMALICA NIECIECZA","ARKA GDYNIA SSA","Mecz ogl¹da³o 2155 osób","2155"
12,"https://www.laczynaspilka.pl/rozgrywki/mecz/slask-wroclaw,wisla-krakow-sa,1650270.html","ŒL¥SK WROC£AW","WIS£A KRAKÓW SA","Mecz ogl¹da³o 21503 osób","21503"
12,"https://www.laczynaspilka.pl/rozgrywki/mecz/zaglebie-lubin,gornik-zabrze-ssa,1650266.html","ZAG£ÊBIE LUBIN","GÓRNIK ZABRZE SSA","Mecz ogl¹da³o 11256 osób","11256"
12,"https://www.laczynaspilka.pl/rozgrywki/mecz/legia-warszawa-s-a,lechia-gdansk,1650268.html","LEGIA WARSZAWA S.A.","LECHIA GDAÑSK","Mecz ogl¹da³o 18574 osób","18574"
12,"https://www.laczynaspilka.pl/rozgrywki/mecz/cracovia-ssa-krakow,pogon-szczecin,1650264.html","CRACOVIA SSA KRAKÓW","POGOÑ SZCZECIN","Mecz ogl¹da³o 5769 osób","5769"
13,"https://www.laczynaspilka.pl/rozgrywki/mecz/zaglebie-lubin,gks-piast-gliwice-s-a,1650273.html","ZAG£ÊBIE LUBIN","GKS PIAST GLIWICE S.A.","Mecz ogl¹da³o 6021 osób","6021"
13,"https://www.laczynaspilka.pl/rozgrywki/mecz/gornik-zabrze-ssa,korona-sa-kielce,1650272.html","GÓRNIK ZABRZE SSA","KORONA SA KIELCE","Mecz ogl¹da³o 22708 osób","22708"
13,"https://www.laczynaspilka.pl/rozgrywki/mecz/sandecja-nowy-sacz,cracovia-ssa-krakow,1650276.html","SANDECJA NOWY S¥CZ","CRACOVIA SSA KRAKÓW","Mecz ogl¹da³o 2953 osób","2953"
13,"https://www.laczynaspilka.pl/rozgrywki/mecz/pogon-szczecin,bruk-bet-termalica-nieciecza,1650275.html","POGOÑ SZCZECIN","BRUK-BET TERMALICA NIECIECZA","Mecz ogl¹da³o 3146 osób","3146"
13,"https://www.laczynaspilka.pl/rozgrywki/mecz/lechia-gdansk,kks-lech-poznan,1650274.html","LECHIA GDAÑSK","KKS LECH POZNAÑ","Mecz ogl¹da³o 13493 osób","13493"
13,"https://www.laczynaspilka.pl/rozgrywki/mecz/arka-gdynia-ssa,jagiellonia-bialystok-ssa,1650271.html","ARKA GDYNIA SSA","JAGIELLONIA BIA£YSTOK SSA","Mecz ogl¹da³o 11097 osób","11097"
13,"https://www.laczynaspilka.pl/rozgrywki/mecz/wisla-krakow-sa,legia-warszawa-s-a,1650277.html","WIS£A KRAKÓW SA","LEGIA WARSZAWA S.A.","Mecz ogl¹da³o 33000 osób","33000"
13,"https://www.laczynaspilka.pl/rozgrywki/mecz/wisla-plock-s-a,slask-wroclaw,1650278.html","WIS£A P£OCK S.A.","ŒL¥SK WROC£AW","Mecz ogl¹da³o 3613 osób","3613"
14,"https://www.laczynaspilka.pl/rozgrywki/mecz/slask-wroclaw,pogon-szczecin,1650286.html","ŒL¥SK WROC£AW","POGOÑ SZCZECIN","Mecz ogl¹da³o 12445 osób","12445"
14,"https://www.laczynaspilka.pl/rozgrywki/mecz/kks-lech-poznan,wisla-krakow-sa,1650283.html","KKS LECH POZNAÑ","WIS£A KRAKÓW SA","Mecz ogl¹da³o 26361 osób","26361"
14,"https://www.laczynaspilka.pl/rozgrywki/mecz/gks-piast-gliwice-s-a,wisla-plock-s-a,1650284.html","GKS PIAST GLIWICE S.A.","WIS£A P£OCK S.A.","Mecz ogl¹da³o 3784 osób","3784"
14,"https://www.laczynaspilka.pl/rozgrywki/mecz/cracovia-ssa-krakow,bruk-bet-termalica-nieciecza,1650279.html","CRACOVIA SSA KRAKÓW","BRUK-BET TERMALICA NIECIECZA","Mecz ogl¹da³o 6431 osób","6431"
14,"https://www.laczynaspilka.pl/rozgrywki/mecz/sandecja-nowy-sacz,gornik-zabrze-ssa,1650285.html","SANDECJA NOWY S¥CZ","GÓRNIK ZABRZE SSA","Mecz ogl¹da³o 1440 osób","1440"
14,"https://www.laczynaspilka.pl/rozgrywki/mecz/jagiellonia-bialystok-ssa,zaglebie-lubin,1650280.html","JAGIELLONIA BIA£YSTOK SSA","ZAG£ÊBIE LUBIN","Mecz ogl¹da³o 8375 osób","8375"
14,"https://www.laczynaspilka.pl/rozgrywki/mecz/legia-warszawa-s-a,arka-gdynia-ssa,1650282.html","LEGIA WARSZAWA S.A.","ARKA GDYNIA SSA","Mecz ogl¹da³o 14433 osób","14433"
14,"https://www.laczynaspilka.pl/rozgrywki/mecz/lechia-gdansk,korona-sa-kielce,1650281.html","LECHIA GDAÑSK","KORONA SA KIELCE","Mecz ogl¹da³o 7066 osób","7066"
15,"https://www.laczynaspilka.pl/rozgrywki/mecz/korona-sa-kielce,slask-wroclaw,1650291.html","KORONA SA KIELCE","ŒL¥SK WROC£AW","Mecz ogl¹da³o 8147 osób","8147"
15,"https://www.laczynaspilka.pl/rozgrywki/mecz/arka-gdynia-ssa,lechia-gdansk,1650287.html","ARKA GDYNIA SSA","LECHIA GDAÑSK","Mecz ogl¹da³o 14112 osób","14112"
15,"https://www.laczynaspilka.pl/rozgrywki/mecz/wisla-plock-s-a,jagiellonia-bialystok-ssa,1650294.html","WIS£A P£OCK S.A.","JAGIELLONIA BIA£YSTOK SSA","Mecz ogl¹da³o 4111 osób","4111"
15,"https://www.laczynaspilka.pl/rozgrywki/mecz/wisla-krakow-sa,sandecja-nowy-sacz,1650293.html","WIS£A KRAKÓW SA","SANDECJA NOWY S¥CZ","Mecz ogl¹da³o 14007 osób","14007"
15,"https://www.laczynaspilka.pl/rozgrywki/mecz/gornik-zabrze-ssa,kks-lech-poznan,1650289.html","GÓRNIK ZABRZE SSA","KKS LECH POZNAÑ","Mecz ogl¹da³o 24563 osób","24563"
15,"https://www.laczynaspilka.pl/rozgrywki/mecz/bruk-bet-termalica-nieciecza,gks-piast-gliwice-s-a,1650288.html","BRUK-BET TERMALICA NIECIECZA","GKS PIAST GLIWICE S.A.","Mecz ogl¹da³o 2612 osób","2612"
15,"https://www.laczynaspilka.pl/rozgrywki/mecz/zaglebie-lubin,cracovia-ssa-krakow,1650290.html","ZAG£ÊBIE LUBIN","CRACOVIA SSA KRAKÓW","Mecz ogl¹da³o 5219 osób","5219"
15,"https://www.laczynaspilka.pl/rozgrywki/mecz/pogon-szczecin,legia-warszawa-s-a,1650292.html","POGOÑ SZCZECIN","LEGIA WARSZAWA S.A.","Mecz ogl¹da³o 6192 osób","6192"
16,"https://www.laczynaspilka.pl/rozgrywki/mecz/jagiellonia-bialystok-ssa,bruk-bet-termalica-nieciecza,1650295.html","JAGIELLONIA BIA£YSTOK SSA","BRUK-BET TERMALICA NIECIECZA","Mecz ogl¹da³o 6973 osób","6973"
16,"https://www.laczynaspilka.pl/rozgrywki/mecz/wisla-krakow-sa,pogon-szczecin,1650301.html","WIS£A KRAKÓW SA","POGOÑ SZCZECIN","Mecz ogl¹da³o 11398 osób","11398"
16,"https://www.laczynaspilka.pl/rozgrywki/mecz/gks-piast-gliwice-s-a,cracovia-ssa-krakow,1650299.html","GKS PIAST GLIWICE S.A.","CRACOVIA SSA KRAKÓW","Mecz ogl¹da³o 4296 osób","4296"
16,"https://www.laczynaspilka.pl/rozgrywki/mecz/sandecja-nowy-sacz,kks-lech-poznan,1650300.html","SANDECJA NOWY S¥CZ","KKS LECH POZNAÑ","Mecz ogl¹da³o 2544 osób","2544"
16,"https://www.laczynaspilka.pl/rozgrywki/mecz/lechia-gdansk,wisla-plock-s-a,1650297.html","LECHIA GDAÑSK","WIS£A P£OCK S.A.","Mecz ogl¹da³o 7670 osób","7670"
16,"https://www.laczynaspilka.pl/rozgrywki/mecz/slask-wroclaw,arka-gdynia-ssa,1650302.html","ŒL¥SK WROC£AW","ARKA GDYNIA SSA","Mecz ogl¹da³o 8421 osób","8421"
16,"https://www.laczynaspilka.pl/rozgrywki/mecz/legia-warszawa-s-a,gornik-zabrze-ssa,1650298.html","LEGIA WARSZAWA S.A.","GÓRNIK ZABRZE SSA","Mecz ogl¹da³o 24890 osób","24890"
16,"https://www.laczynaspilka.pl/rozgrywki/mecz/zaglebie-lubin,korona-sa-kielce,1650296.html","ZAG£ÊBIE LUBIN","KORONA SA KIELCE","Mecz ogl¹da³o 3784 osób","3784"
17,"https://www.laczynaspilka.pl/rozgrywki/mecz/cracovia-ssa-krakow,lechia-gdansk,1650305.html","CRACOVIA SSA KRAKÓW","LECHIA GDAÑSK","Brak danych na temat widowni",NA
17,"https://www.laczynaspilka.pl/rozgrywki/mecz/gornik-zabrze-ssa,jagiellonia-bialystok-ssa,1650306.html","GÓRNIK ZABRZE SSA","JAGIELLONIA BIA£YSTOK SSA","Brak danych na temat widowni",NA
17,"https://www.laczynaspilka.pl/rozgrywki/mecz/pogon-szczecin,gks-piast-gliwice-s-a,1650309.html","POGOÑ SZCZECIN","GKS PIAST GLIWICE S.A.","Mecz ogl¹da³o 1611 osób","1611"
17,"https://www.laczynaspilka.pl/rozgrywki/mecz/arka-gdynia-ssa,sandecja-nowy-sacz,1650303.html","ARKA GDYNIA SSA","SANDECJA NOWY S¥CZ","Mecz ogl¹da³o 5064 osób","5064"
17,"https://www.laczynaspilka.pl/rozgrywki/mecz/korona-sa-kielce,legia-warszawa-s-a,1650307.html","KORONA SA KIELCE","LEGIA WARSZAWA S.A.","Mecz ogl¹da³o 15200 osób","15200"
17,"https://www.laczynaspilka.pl/rozgrywki/mecz/kks-lech-poznan,wisla-plock-s-a,1650308.html","KKS LECH POZNAÑ","WIS£A P£OCK S.A.","Mecz ogl¹da³o 13587 osób","13587"
17,"https://www.laczynaspilka.pl/rozgrywki/mecz/slask-wroclaw,zaglebie-lubin,1650310.html","ŒL¥SK WROC£AW","ZAG£ÊBIE LUBIN","Mecz ogl¹da³o 10057 osób","10057"
17,"https://www.laczynaspilka.pl/rozgrywki/mecz/bruk-bet-termalica-nieciecza,wisla-krakow-sa,1650304.html","BRUK-BET TERMALICA NIECIECZA","WIS£A KRAKÓW SA","Mecz ogl¹da³o 4510 osób","4510"
18,"https://www.laczynaspilka.pl/rozgrywki/mecz/jagiellonia-bialystok-ssa,pogon-szczecin,1650312.html","JAGIELLONIA BIA£YSTOK SSA","POGOÑ SZCZECIN","Mecz ogl¹da³o 4111 osób","4111"
18,"https://www.laczynaspilka.pl/rozgrywki/mecz/lechia-gdansk,slask-wroclaw,1650314.html","LECHIA GDAÑSK","ŒL¥SK WROC£AW","Mecz ogl¹da³o 8313 osób","8313"
18,"https://www.laczynaspilka.pl/rozgrywki/mecz/wisla-plock-s-a,arka-gdynia-ssa,1650318.html","WIS£A P£OCK S.A.","ARKA GDYNIA SSA","Mecz ogl¹da³o 2883 osób","2883"
18,"https://www.laczynaspilka.pl/rozgrywki/mecz/zaglebie-lubin,bruk-bet-termalica-nieciecza,1650313.html","ZAG£ÊBIE LUBIN","BRUK-BET TERMALICA NIECIECZA","Mecz ogl¹da³o 2447 osób","2447"
18,"https://www.laczynaspilka.pl/rozgrywki/mecz/sandecja-nowy-sacz,legia-warszawa-s-a,1650316.html","SANDECJA NOWY S¥CZ","LEGIA WARSZAWA S.A.","Mecz ogl¹da³o 2619 osób","2619"
18,"https://www.laczynaspilka.pl/rozgrywki/mecz/gks-piast-gliwice-s-a,kks-lech-poznan,1650315.html","GKS PIAST GLIWICE S.A.","KKS LECH POZNAÑ","Mecz ogl¹da³o 4560 osób","4560"
18,"https://www.laczynaspilka.pl/rozgrywki/mecz/wisla-krakow-sa,gornik-zabrze-ssa,1650317.html","WIS£A KRAKÓW SA","GÓRNIK ZABRZE SSA","Mecz ogl¹da³o 16808 osób","16808"
18,"https://www.laczynaspilka.pl/rozgrywki/mecz/cracovia-ssa-krakow,korona-sa-kielce,1650311.html","CRACOVIA SSA KRAKÓW","KORONA SA KIELCE","Mecz ogl¹da³o 5661 osób","5661"
19,"https://www.laczynaspilka.pl/rozgrywki/mecz/sandecja-nowy-sacz,jagiellonia-bialystok-ssa,1650324.html","SANDECJA NOWY S¥CZ","JAGIELLONIA BIA£YSTOK SSA","Mecz ogl¹da³o 724 osób","724"
19,"https://www.laczynaspilka.pl/rozgrywki/mecz/gornik-zabrze-ssa,lechia-gdansk,1650319.html","GÓRNIK ZABRZE SSA","LECHIA GDAÑSK","Mecz ogl¹da³o 20163 osób","20163"
19,"https://www.laczynaspilka.pl/rozgrywki/mecz/slask-wroclaw,gks-piast-gliwice-s-a,1650326.html","ŒL¥SK WROC£AW","GKS PIAST GLIWICE S.A.","Mecz ogl¹da³o 5645 osób","5645"
19,"https://www.laczynaspilka.pl/rozgrywki/mecz/korona-sa-kielce,arka-gdynia-ssa,1650320.html","KORONA SA KIELCE","ARKA GDYNIA SSA","Mecz ogl¹da³o 7713 osób","7713"
19,"https://www.laczynaspilka.pl/rozgrywki/mecz/legia-warszawa-s-a,bruk-bet-termalica-nieciecza,1650322.html","LEGIA WARSZAWA S.A.","BRUK-BET TERMALICA NIECIECZA","Mecz ogl¹da³o 11373 osób","11373"
19,"https://www.laczynaspilka.pl/rozgrywki/mecz/wisla-krakow-sa,wisla-plock-s-a,1650325.html","WIS£A KRAKÓW SA","WIS£A P£OCK S.A.","Mecz ogl¹da³o 10141 osób","10141"
19,"https://www.laczynaspilka.pl/rozgrywki/mecz/pogon-szczecin,zaglebie-lubin,1650323.html","POGOÑ SZCZECIN","ZAG£ÊBIE LUBIN","Mecz ogl¹da³o 2634 osób","2634"
19,"https://www.laczynaspilka.pl/rozgrywki/mecz/kks-lech-poznan,cracovia-ssa-krakow,1650321.html","KKS LECH POZNAÑ","CRACOVIA SSA KRAKÓW","Mecz ogl¹da³o 20692 osób","20692"
20,"https://www.laczynaspilka.pl/rozgrywki/mecz/gks-piast-gliwice-s-a,legia-warszawa-s-a,1650333.html","GKS PIAST GLIWICE S.A.","LEGIA WARSZAWA S.A.","Mecz ogl¹da³o 5243 osób","5243"
20,"https://www.laczynaspilka.pl/rozgrywki/mecz/jagiellonia-bialystok-ssa,korona-sa-kielce,1650330.html","JAGIELLONIA BIA£YSTOK SSA","KORONA SA KIELCE","Mecz ogl¹da³o 4774 osób","4774"
20,"https://www.laczynaspilka.pl/rozgrywki/mecz/arka-gdynia-ssa,gornik-zabrze-ssa,1650327.html","ARKA GDYNIA SSA","GÓRNIK ZABRZE SSA","Mecz ogl¹da³o 7077 osób","7077"
20,"https://www.laczynaspilka.pl/rozgrywki/mecz/bruk-bet-termalica-nieciecza,slask-wroclaw,1650328.html","BRUK-BET TERMALICA NIECIECZA","ŒL¥SK WROC£AW","Mecz ogl¹da³o 2009 osób","2009"
20,"https://www.laczynaspilka.pl/rozgrywki/mecz/zaglebie-lubin,kks-lech-poznan,1650331.html","ZAG£ÊBIE LUBIN","KKS LECH POZNAÑ","Mecz ogl¹da³o 7629 osób","7629"
20,"https://www.laczynaspilka.pl/rozgrywki/mecz/lechia-gdansk,pogon-szczecin,1650332.html","LECHIA GDAÑSK","POGOÑ SZCZECIN","Mecz ogl¹da³o 9548 osób","9548"
20,"https://www.laczynaspilka.pl/rozgrywki/mecz/cracovia-ssa-krakow,wisla-krakow-sa,1650329.html","CRACOVIA SSA KRAKÓW","WIS£A KRAKÓW SA","Mecz ogl¹da³o 14000 osób","14000"
20,"https://www.laczynaspilka.pl/rozgrywki/mecz/wisla-plock-s-a,sandecja-nowy-sacz,1650334.html","WIS£A P£OCK S.A.","SANDECJA NOWY S¥CZ","Mecz ogl¹da³o 1719 osób","1719"
21,"https://www.laczynaspilka.pl/rozgrywki/mecz/korona-sa-kielce,gks-piast-gliwice-s-a,1650336.html","KORONA SA KIELCE","GKS PIAST GLIWICE S.A.","Mecz ogl¹da³o 5277 osób","5277"
21,"https://www.laczynaspilka.pl/rozgrywki/mecz/slask-wroclaw,jagiellonia-bialystok-ssa,1650342.html","ŒL¥SK WROC£AW","JAGIELLONIA BIA£YSTOK SSA","Mecz ogl¹da³o 4504 osób","4504"
21,"https://www.laczynaspilka.pl/rozgrywki/mecz/pogon-szczecin,arka-gdynia-ssa,1650339.html","POGOÑ SZCZECIN","ARKA GDYNIA SSA","Mecz ogl¹da³o 3587 osób","3587"
21,"https://www.laczynaspilka.pl/rozgrywki/mecz/sandecja-nowy-sacz,lechia-gdansk,1650340.html","SANDECJA NOWY S¥CZ","LECHIA GDAÑSK","Mecz ogl¹da³o 834 osób","834"
21,"https://www.laczynaspilka.pl/rozgrywki/mecz/legia-warszawa-s-a,wisla-plock-s-a,1650338.html","LEGIA WARSZAWA S.A.","WIS£A P£OCK S.A.","Mecz ogl¹da³o 13707 osób","13707"
21,"https://www.laczynaspilka.pl/rozgrywki/mecz/kks-lech-poznan,bruk-bet-termalica-nieciecza,1650337.html","KKS LECH POZNAÑ","BRUK-BET TERMALICA NIECIECZA","Mecz ogl¹da³o 8102 osób","8102"
21,"https://www.laczynaspilka.pl/rozgrywki/mecz/wisla-krakow-sa,zaglebie-lubin,1650341.html","WIS£A KRAKÓW SA","ZAG£ÊBIE LUBIN","Mecz ogl¹da³o 10515 osób","10515"
21,"https://www.laczynaspilka.pl/rozgrywki/mecz/gornik-zabrze-ssa,cracovia-ssa-krakow,1650335.html","GÓRNIK ZABRZE SSA","CRACOVIA SSA KRAKÓW","Mecz ogl¹da³o 17873 osób","17873"
22,"https://www.laczynaspilka.pl/rozgrywki/mecz/wisla-plock-s-a,gornik-zabrze-ssa,1650350.html","WIS£A P£OCK S.A.","GÓRNIK ZABRZE SSA","Mecz ogl¹da³o 4367 osób","4367"
22,"https://www.laczynaspilka.pl/rozgrywki/mecz/zaglebie-lubin,legia-warszawa-s-a,1650346.html","ZAG£ÊBIE LUBIN","LEGIA WARSZAWA S.A.","Mecz ogl¹da³o 9655 osób","9655"
22,"https://www.laczynaspilka.pl/rozgrywki/mecz/pogon-szczecin,sandecja-nowy-sacz,1650349.html","POGOÑ SZCZECIN","SANDECJA NOWY S¥CZ","Mecz ogl¹da³o 4895 osób","4895"
22,"https://www.laczynaspilka.pl/rozgrywki/mecz/cracovia-ssa-krakow,slask-wroclaw,1650345.html","CRACOVIA SSA KRAKÓW","ŒL¥SK WROC£AW","Mecz ogl¹da³o 450 osób","450"
22,"https://www.laczynaspilka.pl/rozgrywki/mecz/lechia-gdansk,wisla-krakow-sa,1650347.html","LECHIA GDAÑSK","WIS£A KRAKÓW SA","Mecz ogl¹da³o 7915 osób","7915"
22,"https://www.laczynaspilka.pl/rozgrywki/mecz/bruk-bet-termalica-nieciecza,korona-sa-kielce,1650344.html","BRUK-BET TERMALICA NIECIECZA","KORONA SA KIELCE","Mecz ogl¹da³o 2128 osób","2128"
22,"https://www.laczynaspilka.pl/rozgrywki/mecz/arka-gdynia-ssa,kks-lech-poznan,1650343.html","ARKA GDYNIA SSA","KKS LECH POZNAÑ","Mecz ogl¹da³o 12568 osób","12568"
22,"https://www.laczynaspilka.pl/rozgrywki/mecz/gks-piast-gliwice-s-a,jagiellonia-bialystok-ssa,1650348.html","GKS PIAST GLIWICE S.A.","JAGIELLONIA BIA£YSTOK SSA","Mecz ogl¹da³o 3147 osób","3147"
